INSERT INTO JOB (JOB_ID, COMPANY, EMPLOYMENT_TYPE, INDUSTRY, JOB_DESCRIPTION , COUNTRY, CITY, SENIORITY_LEVEL, TITLE, TOTAL_APPLICANTS) VALUES ('1', 'Philips Respironics', 'Full-time','Engineering', 'Job Description Blah Blah Blah','United States', 'Pittsburgh', 'Entry-level', 'Software Engineer', '145');
INSERT INTO JOB (JOB_ID, COMPANY, EMPLOYMENT_TYPE, INDUSTRY, JOB_DESCRIPTION , COUNTRY, CITY, SENIORITY_LEVEL, TITLE, TOTAL_APPLICANTS) VALUES ('2', 'Nvidia', 'Full-time','Engineering', 'Job Description Blah Blah Blah','United States', 'Pittsburgh', 'Entry-level', 'Software Engineer', '145');
INSERT INTO JOB (JOB_ID, COMPANY, EMPLOYMENT_TYPE, INDUSTRY, JOB_DESCRIPTION , COUNTRY, CITY, SENIORITY_LEVEL, TITLE, TOTAL_APPLICANTS) VALUES ('3', 'Astrorobotics', 'Full-time','Engineering', 'Job Description Blah Blah Blah','United States', 'Pittsburgh', 'Entry-level', 'Software Engineer', '145');
INSERT INTO JOB (JOB_ID, COMPANY, EMPLOYMENT_TYPE, INDUSTRY, JOB_DESCRIPTION , COUNTRY, CITY, SENIORITY_LEVEL, TITLE, TOTAL_APPLICANTS) VALUES ('4', 'Intel', 'Full-time','Engineering', 'Job Description Blah Blah Blah','United States', 'Pittsburgh', 'Entry-level', 'Software Engineer', '145');
INSERT INTO JOB (JOB_ID, COMPANY, EMPLOYMENT_TYPE, INDUSTRY, JOB_DESCRIPTION , COUNTRY, CITY, SENIORITY_LEVEL, TITLE, TOTAL_APPLICANTS) VALUES ('5', 'Nexus', 'Full-time','Engineering', 'Job Description Blah Blah Blah','United States', 'Pittsburgh', 'Entry-level', 'Software Engineer', '145');
INSERT INTO JOB (JOB_ID, COMPANY, EMPLOYMENT_TYPE, INDUSTRY, JOB_DESCRIPTION , COUNTRY, CITY, SENIORITY_LEVEL, TITLE, TOTAL_APPLICANTS) VALUES ('6', 'Ansys', 'Full-time','Engineering', 'Job Description Blah Blah Blah','United States', 'Pittsburgh', 'Entry-level', 'Software Engineer', '145');
INSERT INTO JOB (JOB_ID, COMPANY, EMPLOYMENT_TYPE, INDUSTRY, JOB_DESCRIPTION , COUNTRY, CITY, SENIORITY_LEVEL, TITLE, TOTAL_APPLICANTS) VALUES ('7', 'Philips Respironics', 'Full-time','Engineering', 'Job Description Blah Blah Blah','United States', 'Pittsburgh', 'Entry-level', 'Software Engineer', '145');
INSERT INTO JOB (JOB_ID, COMPANY, EMPLOYMENT_TYPE, INDUSTRY, JOB_DESCRIPTION , COUNTRY, CITY, SENIORITY_LEVEL, TITLE, TOTAL_APPLICANTS) VALUES ('8', 'Nvidia', 'Full-time','Engineering', 'Job Description Blah Blah Blah','United States', 'Pittsburgh', 'Entry-level', 'Software Engineer', '145');
INSERT INTO JOB (JOB_ID, COMPANY, EMPLOYMENT_TYPE, INDUSTRY, JOB_DESCRIPTION , COUNTRY, CITY, SENIORITY_LEVEL, TITLE, TOTAL_APPLICANTS) VALUES ('9', 'Astrorobotics', 'Full-time','Engineering', 'Job Description Blah Blah Blah','United States', 'Pittsburgh', 'Entry-level', 'Software Engineer', '145');
INSERT INTO JOB (JOB_ID, COMPANY, EMPLOYMENT_TYPE, INDUSTRY, JOB_DESCRIPTION , COUNTRY, CITY, SENIORITY_LEVEL, TITLE, TOTAL_APPLICANTS) VALUES ('10', 'Intel', 'Full-time','Engineering', 'Job Description Blah Blah Blah','United States', 'Pittsburgh', 'Entry-level', 'Software Engineer', '145');
INSERT INTO JOB (JOB_ID, COMPANY, EMPLOYMENT_TYPE, INDUSTRY, JOB_DESCRIPTION , COUNTRY, CITY, SENIORITY_LEVEL, TITLE, TOTAL_APPLICANTS) VALUES ('11', 'Nexus', 'Full-time','Engineering', 'Job Description Blah Blah Blah','United States', 'Pittsburgh', 'Entry-level', 'Software Engineer', '145');
INSERT INTO JOB (JOB_ID, COMPANY, EMPLOYMENT_TYPE, INDUSTRY, JOB_DESCRIPTION , COUNTRY, CITY, SENIORITY_LEVEL, TITLE, TOTAL_APPLICANTS) VALUES ('12', 'Ansys', 'Full-time','Engineering', 'Job Description Blah Blah Blah','United States', 'Pittsburgh', 'Entry-level', 'Software Engineer', '145');
INSERT INTO JOB (JOB_ID, COMPANY, EMPLOYMENT_TYPE, INDUSTRY, JOB_DESCRIPTION , COUNTRY, CITY, SENIORITY_LEVEL, TITLE, TOTAL_APPLICANTS) VALUES ('13', 'Philips Respironics', 'Full-time','Engineering', 'Job Description Blah Blah Blah','United States', 'Pittsburgh', 'Entry-level', 'Software Engineer', '250');
INSERT INTO JOB (JOB_ID, COMPANY, EMPLOYMENT_TYPE, INDUSTRY, JOB_DESCRIPTION , COUNTRY, CITY, SENIORITY_LEVEL, TITLE, TOTAL_APPLICANTS) VALUES ('14', 'Nvidia', 'Full-time','Engineering', 'Job Description Blah Blah Blah','United States', 'Pittsburgh', 'Entry-level', 'Software Engineer', '145');
INSERT INTO JOB (JOB_ID, COMPANY, EMPLOYMENT_TYPE, INDUSTRY, JOB_DESCRIPTION , COUNTRY, CITY, SENIORITY_LEVEL, TITLE, TOTAL_APPLICANTS) VALUES ('15', 'Astrorobotics', 'Full-time','Engineering', 'Job Description Blah Blah Blah','United States', 'Pittsburgh', 'Entry-level', 'Software Engineer', '145');
INSERT INTO JOB (JOB_ID, COMPANY, EMPLOYMENT_TYPE, INDUSTRY, JOB_DESCRIPTION , COUNTRY, CITY, SENIORITY_LEVEL, TITLE, TOTAL_APPLICANTS) VALUES ('16', 'Intel', 'Full-time','Engineering', 'Job Description Blah Blah Blah','United States', 'Pittsburgh', 'Entry-level', 'Software Engineer', '145');
INSERT INTO JOB (JOB_ID, COMPANY, EMPLOYMENT_TYPE, INDUSTRY, JOB_DESCRIPTION , COUNTRY, CITY, SENIORITY_LEVEL, TITLE, TOTAL_APPLICANTS) VALUES ('17', 'Nexus', 'Full-time','Engineering', 'Job Description Blah Blah Blah','United States', 'Pittsburgh', 'Entry-level', 'Software Engineer', '145');
INSERT INTO JOB (JOB_ID, COMPANY, EMPLOYMENT_TYPE, INDUSTRY, JOB_DESCRIPTION , COUNTRY, CITY, SENIORITY_LEVEL, TITLE, TOTAL_APPLICANTS) VALUES ('18', 'Ansys', 'Full-time','Engineering', 'Job Description Blah Blah Blah','United States', 'Pittsburgh', 'Entry-level', 'Software Engineer', '145');
INSERT INTO JOB (JOB_ID, COMPANY, EMPLOYMENT_TYPE, INDUSTRY, JOB_DESCRIPTION , COUNTRY, CITY, SENIORITY_LEVEL, TITLE, TOTAL_APPLICANTS) VALUES ('19', 'Philips Respironics', 'Full-time','Engineering', 'Job Description Blah Blah Blah','United States', 'Pittsburgh', 'Entry-level', 'Mechanical Engineer', '250');
INSERT INTO JOB (JOB_ID, COMPANY, EMPLOYMENT_TYPE, INDUSTRY, JOB_DESCRIPTION , COUNTRY, CITY, SENIORITY_LEVEL, TITLE, TOTAL_APPLICANTS) VALUES ('20', 'Nvidia', 'Full-time','Engineering', 'Job Description Blah Blah Blah','United States', 'Pittsburgh', 'Entry-level', 'Mechanical Engineer', '145');
INSERT INTO JOB (JOB_ID, COMPANY, EMPLOYMENT_TYPE, INDUSTRY, JOB_DESCRIPTION , COUNTRY, CITY, SENIORITY_LEVEL, TITLE, TOTAL_APPLICANTS) VALUES ('21', 'Astrorobotics', 'Full-time','Engineering', 'Job Description Blah Blah Blah','United States', 'Pittsburgh', 'Entry-level', 'Mechanical Engineer', '145');
INSERT INTO JOB (JOB_ID, COMPANY, EMPLOYMENT_TYPE, INDUSTRY, JOB_DESCRIPTION , COUNTRY, CITY, SENIORITY_LEVEL, TITLE, TOTAL_APPLICANTS) VALUES ('22', 'Intel', 'Full-time','Engineering', 'Job Description Blah Blah Blah','United States', 'Pittsburgh', 'Entry-level', 'Mechanical Engineer', '145');
INSERT INTO JOB (JOB_ID, COMPANY, EMPLOYMENT_TYPE, INDUSTRY, JOB_DESCRIPTION , COUNTRY, CITY, SENIORITY_LEVEL, TITLE, TOTAL_APPLICANTS) VALUES ('23', 'Nexus', 'Full-time','Engineering', 'Job Description Blah Blah Blah','United States', 'Pittsburgh', 'Entry-level', 'Chemical Engineer', '145');
INSERT INTO JOB (JOB_ID, COMPANY, EMPLOYMENT_TYPE, INDUSTRY, JOB_DESCRIPTION , COUNTRY, CITY, SENIORITY_LEVEL, TITLE, TOTAL_APPLICANTS) VALUES ('24', 'Ansys', 'Full-time','Engineering', 'Job Description Blah Blah Blah','United States', 'Pittsburgh', 'Entry-level', 'Chemical Engineer', '145');


INSERT INTO SKILLS (SKILL_ID, SKILL_NAME) VALUES ( '1', 'C' );
INSERT INTO SKILLS (SKILL_ID, SKILL_NAME) VALUES ( '2', 'C++' );
INSERT INTO SKILLS (SKILL_ID, SKILL_NAME) VALUES ( '3', 'VHDL' );
INSERT INTO SKILLS (SKILL_ID, SKILL_NAME) VALUES ( '4', 'Verilog' );
INSERT INTO SKILLS (SKILL_ID, SKILL_NAME) VALUES ( '5', 'Assembly' );
INSERT INTO SKILLS (SKILL_ID, SKILL_NAME) VALUES ( '6', 'TCP/IP' );
INSERT INTO SKILLS (SKILL_ID, SKILL_NAME) VALUES ( '7', 'UART' );
INSERT INTO SKILLS (SKILL_ID, SKILL_NAME) VALUES ( '8', 'FPGA' );
INSERT INTO SKILLS (SKILL_ID, SKILL_NAME) VALUES ( '9', 'AutoCAD' );
INSERT INTO SKILLS (SKILL_ID, SKILL_NAME) VALUES ( '10', 'LtSpice' );
INSERT INTO SKILLS (SKILL_ID, SKILL_NAME) VALUES ( '11', 'Soldering' );


INSERT INTO JOB_SKILLS (JOB_ID, SKILL_ID) VALUES ( '1', '1');
INSERT INTO JOB_SKILLS (JOB_ID, SKILL_ID) VALUES ( '1', '2');
INSERT INTO JOB_SKILLS (JOB_ID, SKILL_ID) VALUES ( '1', '3');
INSERT INTO JOB_SKILLS (JOB_ID, SKILL_ID) VALUES ( '2', '1');
INSERT INTO JOB_SKILLS (JOB_ID, SKILL_ID) VALUES ( '2', '2');
INSERT INTO JOB_SKILLS (JOB_ID, SKILL_ID) VALUES ( '2', '3');
INSERT INTO JOB_SKILLS (JOB_ID, SKILL_ID) VALUES ( '3', '1');
INSERT INTO JOB_SKILLS (JOB_ID, SKILL_ID) VALUES ( '3', '2');
INSERT INTO JOB_SKILLS (JOB_ID, SKILL_ID) VALUES ( '3', '3');
INSERT INTO JOB_SKILLS (JOB_ID, SKILL_ID) VALUES ( '3', '7');
INSERT INTO JOB_SKILLS (JOB_ID, SKILL_ID) VALUES ( '3', '8');
INSERT INTO JOB_SKILLS (JOB_ID, SKILL_ID) VALUES ( '4', '1');
INSERT INTO JOB_SKILLS (JOB_ID, SKILL_ID) VALUES ( '4', '2');
INSERT INTO JOB_SKILLS (JOB_ID, SKILL_ID) VALUES ( '4', '3');
INSERT INTO JOB_SKILLS (JOB_ID, SKILL_ID) VALUES ( '5', '1');
INSERT INTO JOB_SKILLS (JOB_ID, SKILL_ID) VALUES ( '5', '6');
INSERT INTO JOB_SKILLS (JOB_ID, SKILL_ID) VALUES ( '5', '7');
INSERT INTO JOB_SKILLS (JOB_ID, SKILL_ID) VALUES ( '6', '2');
INSERT INTO JOB_SKILLS (JOB_ID, SKILL_ID) VALUES ( '6', '6');
INSERT INTO JOB_SKILLS (JOB_ID, SKILL_ID) VALUES ( '6', '7');
INSERT INTO JOB_SKILLS (JOB_ID, SKILL_ID) VALUES ( '7', '1');
INSERT INTO JOB_SKILLS (JOB_ID, SKILL_ID) VALUES ( '7', '5');
INSERT INTO JOB_SKILLS (JOB_ID, SKILL_ID) VALUES ( '7', '7');
INSERT INTO JOB_SKILLS (JOB_ID, SKILL_ID) VALUES ( '8', '2');
INSERT INTO JOB_SKILLS (JOB_ID, SKILL_ID) VALUES ( '8', '6');
INSERT INTO JOB_SKILLS (JOB_ID, SKILL_ID) VALUES ( '8', '7');
INSERT INTO JOB_SKILLS (JOB_ID, SKILL_ID) VALUES ( '9', '1');
INSERT INTO JOB_SKILLS (JOB_ID, SKILL_ID) VALUES ( '9', '5');
INSERT INTO JOB_SKILLS (JOB_ID, SKILL_ID) VALUES ( '9', '7');
INSERT INTO JOB_SKILLS (JOB_ID, SKILL_ID) VALUES ( '10', '1');
INSERT INTO JOB_SKILLS (JOB_ID, SKILL_ID) VALUES ( '10', '5');
INSERT INTO JOB_SKILLS (JOB_ID, SKILL_ID) VALUES ( '10', '7');
INSERT INTO JOB_SKILLS (JOB_ID, SKILL_ID) VALUES ( '11', '1');
INSERT INTO JOB_SKILLS (JOB_ID, SKILL_ID) VALUES ( '11', '2');
INSERT INTO JOB_SKILLS (JOB_ID, SKILL_ID) VALUES ( '11', '3');
INSERT INTO JOB_SKILLS (JOB_ID, SKILL_ID) VALUES ( '12', '1');
INSERT INTO JOB_SKILLS (JOB_ID, SKILL_ID) VALUES ( '12', '2');
INSERT INTO JOB_SKILLS (JOB_ID, SKILL_ID) VALUES ( '12', '8');
INSERT INTO JOB_SKILLS (JOB_ID, SKILL_ID) VALUES ( '13', '9');
INSERT INTO JOB_SKILLS (JOB_ID, SKILL_ID) VALUES ( '13', '10');
INSERT INTO JOB_SKILLS (JOB_ID, SKILL_ID) VALUES ( '13', '11');
INSERT INTO JOB_SKILLS (JOB_ID, SKILL_ID) VALUES ( '14', '9');
INSERT INTO JOB_SKILLS (JOB_ID, SKILL_ID) VALUES ( '14', '2');
INSERT INTO JOB_SKILLS (JOB_ID, SKILL_ID) VALUES ( '14', '10');
INSERT INTO JOB_SKILLS (JOB_ID, SKILL_ID) VALUES ( '15', '9');
INSERT INTO JOB_SKILLS (JOB_ID, SKILL_ID) VALUES ( '15', '11');
INSERT INTO JOB_SKILLS (JOB_ID, SKILL_ID) VALUES ( '15', '1');
INSERT INTO JOB_SKILLS (JOB_ID, SKILL_ID) VALUES ( '16', '11');
INSERT INTO JOB_SKILLS (JOB_ID, SKILL_ID) VALUES ( '16', '10');
INSERT INTO JOB_SKILLS (JOB_ID, SKILL_ID) VALUES ( '16', '3');
INSERT INTO JOB_SKILLS (JOB_ID, SKILL_ID) VALUES ( '17', '1');
INSERT INTO JOB_SKILLS (JOB_ID, SKILL_ID) VALUES ( '17', '2');
INSERT INTO JOB_SKILLS (JOB_ID, SKILL_ID) VALUES ( '17', '3');
INSERT INTO JOB_SKILLS (JOB_ID, SKILL_ID) VALUES ( '18', '1');
INSERT INTO JOB_SKILLS (JOB_ID, SKILL_ID) VALUES ( '18', '2');
INSERT INTO JOB_SKILLS (JOB_ID, SKILL_ID) VALUES ( '18', '3');
INSERT INTO JOB_SKILLS (JOB_ID, SKILL_ID) VALUES ( '19', '10');
INSERT INTO JOB_SKILLS (JOB_ID, SKILL_ID) VALUES ( '19', '11');
INSERT INTO JOB_SKILLS (JOB_ID, SKILL_ID) VALUES ( '19', '3');
INSERT INTO JOB_SKILLS (JOB_ID, SKILL_ID) VALUES ( '20', '1');
INSERT INTO JOB_SKILLS (JOB_ID, SKILL_ID) VALUES ( '20', '2');
INSERT INTO JOB_SKILLS (JOB_ID, SKILL_ID) VALUES ( '20', '3');
INSERT INTO JOB_SKILLS (JOB_ID, SKILL_ID) VALUES ( '21', '1');
INSERT INTO JOB_SKILLS (JOB_ID, SKILL_ID) VALUES ( '21', '2');
INSERT INTO JOB_SKILLS (JOB_ID, SKILL_ID) VALUES ( '21', '3');
INSERT INTO JOB_SKILLS (JOB_ID, SKILL_ID) VALUES ( '22', '1');
INSERT INTO JOB_SKILLS (JOB_ID, SKILL_ID) VALUES ( '22', '2');
INSERT INTO JOB_SKILLS (JOB_ID, SKILL_ID) VALUES ( '22', '3');
INSERT INTO JOB_SKILLS (JOB_ID, SKILL_ID) VALUES ( '23', '1');
INSERT INTO JOB_SKILLS (JOB_ID, SKILL_ID) VALUES ( '23', '2');
INSERT INTO JOB_SKILLS (JOB_ID, SKILL_ID) VALUES ( '23', '3');
INSERT INTO JOB_SKILLS (JOB_ID, SKILL_ID) VALUES ( '24', '1');
INSERT INTO JOB_SKILLS (JOB_ID, SKILL_ID) VALUES ( '24', '2');
INSERT INTO JOB_SKILLS (JOB_ID, SKILL_ID) VALUES ( '24', '3');